{"colsample_bytree": 0.763822885825513, "learning_rate": 0.20138726375236116, "max_depth": 30, "min_child_samples": 30, "n_estimators": 100, "num_leaves": 50, "subsample": 0.7391712953572402}