{"colsample_bytree": 0.5174731050014914, "learning_rate": 0.08450102915812269, "max_depth": 5, "min_child_samples": 10, "n_estimators": 200, "num_leaves": 31, "subsample": 0.591648751417159}