{"colsample_bytree": 0.6217777692435855, "gamma": 0.006474382404167145, "max_depth": 3, "min_child_weight": 5, "n_estimators": 200, "reg_alpha": 2.0, "reg_lambda": 0.8531019163537051}