{"colsample_bytree": 0.9521177375431232, "gamma": 1.4222578283633793, "max_depth": 3, "min_child_weight": 1, "n_estimators": 50, "reg_alpha": 0.0, "reg_lambda": 0.6853172145866745}